{
  "by_regime": {
    "0": {
      "Delta": 1.0002271319289964,
      "i": -0.0023075419012457132,
      "pi": -0.0024069038524823227,
      "pstar": 0.9929974777704205,
      "r": 9.93618116780226e-05
    },
    "1": {
      "Delta": 1.0009062726817248,
      "i": 0.011195107363164425,
      "pi": 0.00434442090678,
      "pstar": 1.0138202461795254,
      "r": 0.006850686570940345
    }
  },
  "policy": "taylor"
}