{
  "by_regime": {
    "0": {
      "Delta": 1.0002271319289964,
      "i": -0.0023075419012457132,
      "pi": -0.0024069038524823227,
      "pstar": 0.9929974777704205,
      "r": 9.93618116780226e-05
    },
    "1": {
      "Delta": 1.0009062726817248,
      "i": 0.011195107363164425,
      "pi": 0.00434442090678,
      "pstar": 1.0138202461795254,
      "r": 0.006850686570940345
    }
  },
  "flex_by_regime": {
    "0": {
      "Delta": 1.0,
      "c": 0.9375810569817107,
      "h": 1.1375810569817106,
      "lam": 1.1375810569817109,
      "pi": 0.0,
      "pstar": 1.0,
      "r_star": 9.93618116780226e-05,
      "w": 0.9999999999999998
    },
    "1": {
      "Delta": 1.0,
      "c": 0.8877084501078355,
      "h": 1.0877084501078356,
      "lam": 1.2689931917924753,
      "pi": 0.0,
      "pstar": 1.0,
      "r_star": 0.006850686570940345,
      "w": 0.8571428571428571
    }
  },
  "policy": "taylor"
}